<?xml version="1.0" encoding="UTF-8"?>
<beans xmlns="http://www.springframework.org/schema/beans"
       xmlns:xsi="http://www.w3.org/2001/XMLSchema-instance"
       xmlns:context="http://www.springframework.org/schema/context"
       xmlns:mongo="http://www.springframework.org/schema/data/mongo"
       xsi:schemaLocation="http://www.springframework.org/schema/data/mongo http://www.springframework.org/schema/data/mongo/spring-mongo.xsd
            http://www.springframework.org/schema/context http://www.springframework.org/schema/context/spring-context-3.2.xsd
            http://www.springframework.org/schema/beans http://www.springframework.org/schema/beans/spring-beans.xsd">

    <context:property-placeholder location="classpath*:config.properties"/>

    <context:component-scan base-package="cn.qtec.qkcl"/>

    <context:annotation-config/>

    <mongo:mongo-client id="mongoClient" host="${mongos.host}" port="${mongos.port}">
        <mongo:client-options write-concern="SAFE"
                              socket-timeout="100000"/>
    </mongo:mongo-client>

    <bean id="mongoTemplate" class="org.springframework.data.mongodb.core.MongoTemplate" >
        <constructor-arg name="mongoClient" ref="mongoClient"/>
        <constructor-arg name="databaseName" value="${mongos.database}"/>
    </bean>

    <import resource="classpath*:hibernate.xml"/>

</beans>